<?xml version="1.0" encoding="UTF-8" standalone="yes"?>
<addon id="plugin.video.quebec511" name="Quebec511-webcam" version="1.0.2" provider-name="mathmania">
	<requires>
		<import addon="xbmc.python" version="2.14.0"/>
	</requires>
	<extension point="xbmc.python.pluginsource" library="addon.py">
		<provides>video</provides>
	</extension>
	<extension point="xbmc.addon.metadata">
		<platform>all</platform>
		<summary lang="en">Quebec511-webcam</summary>
		<description lang="en">Show Quebec511 webcams</description>
		<license>GNU General Public License, v2</license>
		<language></language>
		<source>https://github.com/mathmania/kodi-quebec511</source>
		<website>https://github.com/mathmania/kodi-quebec511</website>
		<assets>
			<icon>icon.png</icon>
			<fanart>fanart.jpg</fanart>
		</assets>
		<news>First valid version</news>
	</extension>
</addon>
