﻿<?xml version="1.0" encoding="UTF-8" standalone="yes"?>
<addon id="plugin.video.LeTelevideographe"    name="Le Télévidéographe"  version="1.0.0"
	provider-name="Sphinxroot">
  <requires>
    <import addon="xbmc.python" version="2.25.0"/>
    <import addon="plugin.video.youtube"/>
  </requires>
  <extension point="xbmc.python.pluginsource" library="default.py">
    <provides>video</provides>
  </extension>
  <extension point="xbmc.addon.metadata">
    <summary lang="en">Vintage Quebecois Publicités et thèmes TV années 50 et + </summary>
    <description lang="en"></description>
    <platform>all</platform>
  </extension>
</addon>
