﻿<?xml version="1.0" encoding="UTF-8" standalone="yes"?>
<addon id="plugin.video.Radio-Quebec"    name="Radio-Québec"  version="1.0.0"
	provider-name="Sphinxroot">
  <requires>
    <import addon="xbmc.python" version="2.25.0"/>
    <import addon="plugin.video.youtube"/>
  </requires>
  <extension point="xbmc.python.pluginsource" library="default.py">
    <provides>video</provides>
  </extension>
  <extension point="xbmc.addon.metadata">
    <summary lang="en">Radio-Québec</summary>
    <description lang="en"> Média de réinformation national. Commentaires sur l'actualité avec l'animateur Alexis Cossette-Trudel.http://radioquebec.ca/ , https://www.facebook.com/RadioQuebec.ca/</description>
    <platform>all</platform>
  </extension>
</addon>
