﻿<?xml version="1.0" encoding="UTF-8" standalone="yes"?>
<addon id="plugin.video.vtele" name="Noovo" version="1.0.1" provider-name="Infologique.net">
  <requires>
    <import addon="xbmc.python" version="2.1.0"/>
    <import addon="script.module.simplejson" version="2.0.10"/>
    <import addon="script.module.beautifulsoup4" version="4.6.2"/> 
  </requires>
  <extension point="xbmc.python.pluginsource" library="default.py">
    <provides>video</provides>
  </extension>
  <extension point="xbmc.addon.metadata">
    <platform>all</platform>
    <summary>Noovo est la marque média généraliste qui fait les choses différemment! Elle offre une programmation rassembleuse et divertissante.</summary>
    <description>Contenu vidéo de la plateforme Noovo</description>
  </extension>
</addon>
